score|name_game|name_console|userscore|date|name_company|ranking
98|Red Dead Redemption 2|XONE|5.9|Oct 26, 2018|Microsoft|1.0
98|Grand Theft Auto IV|PS3|7.5|Apr 29, 2008|Sony|1.0
98|Grand Theft Auto IV|X360|7.9|Apr 29, 2008|Microsoft|1.0
98|Tony Hawk's Pro Skater 2|PS|7.4|Sep 20, 2000|Sony|1.0
97|Red Dead Redemption 2|PS4|7.7|Oct 26, 2018|Sony|2.0
97|Metroid Prime|GC|9.2|Nov 17, 2002|Nintendo|2.0
97|The Legend of Zelda: Breath of the Wild|Switch|8.5|Mar 3, 2017|Nintendo|2.0
97|Halo: Combat Evolved|XBOX|8.6|Nov 14, 2001|Microsoft|2.0
97|Grand Theft Auto III|PS2|8.5|Oct 22, 2001|Sony|2.0
97|Tony Hawk's Pro Skater 3|PS2|7.5|Oct 28, 2001|Sony|2.0
97|Grand Theft Auto V|X360|8.3|Sep 17, 2013|Microsoft|2.0
97|Super Mario Galaxy|WII|9|Nov 12, 2007|Nintendo|2.0
97|Tony Hawk's Pro Skater 2|DC|6.2|Nov 6, 2000|Sega|2.0
97|Perfect Dark|N64|8.9|May 22, 2000|Nintendo|2.0
97|NFL 2K1|DC|6.4|Sep 7, 2000|Sega|2.0
97|Grand Theft Auto V|XONE|7.8|Nov 18, 2014|Microsoft|2.0
97|Super Mario Galaxy 2|WII|9.1|May 23, 2010|Nintendo|2.0
97|Super Mario Odyssey|Switch|8.9|Oct 27, 2017|Nintendo|2.0
97|Grand Theft Auto V|PS3|8.3|Sep 17, 2013|Sony|2.0
97|Grand Theft Auto V|PS4|8.3|Nov 18, 2014|Sony|2.0
96|Metal Gear Solid 2: Sons of Liberty|PS2|8.8|Nov 12, 2001|Sony|3.0
96|The Elder Scrolls V: Skyrim|X360|8.5|Nov 11, 2011|Microsoft|3.0
96|Mass Effect 2|X360|8.9|Jan 26, 2010|Microsoft|3.0
96|Grand Theft Auto Double Pack|XBOX|8|Oct 31, 2003|Microsoft|3.0
96|The Legend of Zelda: The Wind Waker|GC|8.9|Mar 24, 2003|Nintendo|3.0
96|Resident Evil 4|GC|9.3|Jan 11, 2005|Nintendo|3.0
96|Resident Evil 4|PS2|9|Oct 25, 2005|Sony|3.0
96|BioShock|PC|8.5|Aug 21, 2007|PC|3.0
96|The Legend of Zelda: Breath of the Wild|WIIU|8.2|Mar 3, 2017|Nintendo|3.0
96|The Legend of Zelda: Twilight Princess|GC|8.9|Dec 11, 2006|Nintendo|3.0
96|The Orange Box|X360|8.8|Oct 10, 2007|Microsoft|3.0
96|BioShock|X360|8.9|Aug 21, 2007|Microsoft|3.0
96|Grand Theft Auto V|PC|7.7|Apr 14, 2015|PC|3.0
96|Batman: Arkham City|PS3|8.7|Oct 18, 2011|Sony|3.0
96|Half-Life 2|PC|9.1|Nov 16, 2004|PC|3.0
96|Uncharted 2: Among Thieves|PS3|8.9|Oct 13, 2009|Sony|3.0
96|The Orange Box|PC|9.2|Oct 10, 2007|PC|3.0
95|The Legend of Zelda Collector's Edition|GC|9|Nov 17, 2003|Nintendo|4.0
95|Gran Turismo 3: A-Spec|PS2|8.4|Jul 9, 2001|Sony|4.0
95|The Last of Us|PS3|9.2|Jun 14, 2013|Sony|4.0
95|Baldur's Gate II: Shadows of Amn|PC|9.2|Sep 24, 2000|PC|4.0
95|Madden NFL 2003|PS2|7.4|Aug 12, 2002|Sony|4.0
95|LittleBigPlanet|PS3|6.8|Oct 27, 2008|Sony|4.0
95|The Legend of Zelda: Majora's Mask|N64|9.1|Oct 25, 2000|Nintendo|4.0
95|Tony Hawk's Pro Skater 2|GBA|7.1|May 30, 2001|Nintendo|4.0
95|The Legend of Zelda: Twilight Princess|WII|9|Nov 19, 2006|Nintendo|4.0
95|The Legend of Zelda: A Link to the Past|GBA|8.9|Dec 3, 2002|Nintendo|4.0
95|Portal 2|PS3|8.5|Apr 19, 2011|Sony|4.0
95|Grand Theft Auto: San Andreas|PS2|9|Oct 26, 2004|Sony|4.0
95|Halo 2|XBOX|8.2|Nov 9, 2004|Microsoft|4.0
95|Portal 2|X360|8.7|Apr 19, 2011|Microsoft|4.0
95|Red Dead Redemption|PS3|8.9|May 18, 2010|Sony|4.0
95|Metal Gear Solid V: The Phantom Pain|XONE|7.4|Sep 1, 2015|Microsoft|4.0
95|Grand Theft Auto: Vice City|PS2|8.8|Oct 27, 2002|Sony|4.0
95|Portal 2|PC|9|Apr 18, 2011|PC|4.0
95|The Last of Us Remastered|PS4|9.1|Jul 29, 2014|Sony|4.0
95|Red Dead Redemption|X360|9|May 18, 2010|Microsoft|4.0
94|NCAA Football 2004|PS2|8.7|Jul 16, 2003|Sony|5.0
94|Mass Effect 2|PS3|8.5|Jan 17, 2011|Sony|5.0
94|Super Mario Advance 4: Super Mario Bros. 3|GBA|8.9|Oct 21, 2003|Nintendo|5.0
94|Madden NFL 2004|PS2|8.4|Aug 12, 2003|Sony|5.0
94|Grand Theft Auto: Vice City|PC|8.8|May 12, 2003|PC|5.0
94|The Legend of Zelda: Ocarina of Time 3D|3DS|9|Jun 19, 2011|Nintendo|5.0
94|Ninja Gaiden Black|XBOX|8.7|Sep 20, 2005|Microsoft|5.0
94|Tom Clancy's Splinter Cell Chaos Theory|XBOX|8.9|Mar 28, 2005|Microsoft|5.0
94|The Elder Scrolls V: Skyrim|PC|8.2|Nov 10, 2011|PC|5.0
94|Sid Meier's Civilization IV|PC|8.3|Oct 25, 2005|PC|5.0
94|Burnout 3: Takedown|XBOX|7.4|Sep 7, 2004|Microsoft|5.0
94|God of War|PS2|8.9|Mar 22, 2005|Sony|5.0
94|Chrono Cross|PS|8.8|Aug 15, 2000|Sony|5.0
94|Jet Grind Radio|DC|8|Oct 30, 2000|Sega|5.0
94|God of War|PS4|9.2|Apr 20, 2018|Sony|5.0
94|Mass Effect 2|PC|8.8|Jan 26, 2010|PC|5.0
94|Star Wars: Knights of the Old Republic|XBOX|9|Jul 17, 2003|Microsoft|5.0
94|Final Fantasy IX|PS|9.2|Nov 13, 2000|Sony|5.0
94|Batman: Arkham City|X360|8.7|Oct 18, 2011|Microsoft|5.0
94|Call of Duty: Modern Warfare 2|PS3|6.4|Nov 10, 2009|Sony|5.0
94|BioShock|PS3|8.7|Oct 21, 2008|Sony|5.0
94|Virtua Fighter 4|PS2|8.1|Mar 17, 2002|Sony|5.0
94|Celeste|XONE|6.4|Jan 26, 2018|Microsoft|5.0
94|World of Goo|WII|8.7|Oct 13, 2008|Nintendo|5.0
94|Halo 3|X360|7.9|Sep 25, 2007|Microsoft|5.0
94|Metal Gear Solid 4: Guns of the Patriots|PS3|8.8|Jun 12, 2008|Sony|5.0
94|Madden NFL 2004|GC|7|Aug 12, 2003|Nintendo|5.0
94|Call of Duty 4: Modern Warfare|X360|8.5|Nov 5, 2007|Microsoft|5.0
94|Call of Duty 4: Modern Warfare|PS3|8.4|Nov 5, 2007|Sony|5.0
94|Street Fighter IV|PS3|7.3|Feb 17, 2009|Sony|5.0
94|Call of Duty: Modern Warfare 2|X360|6.4|Nov 10, 2009|Microsoft|5.0
94|Metal Gear Solid 3: Subsistence|PS2|8.9|Mar 14, 2006|Sony|5.0
94|The Elder Scrolls IV: Oblivion|PC|8.1|Mar 20, 2006|PC|5.0
94|The Elder Scrolls IV: Oblivion|X360|8.7|Mar 20, 2006|Microsoft|5.0
94|Gears of War|X360|8.3|Nov 7, 2006|Microsoft|5.0
94|BioShock Infinite|PC|8.6|Mar 25, 2013|PC|5.0
94|BioShock Infinite|PS3|8.5|Mar 26, 2013|Sony|5.0
94|Devil May Cry|PS2|8.6|Oct 16, 2001|Sony|5.0
94|Tony Hawk's Pro Skater 4|PS2|8.4|Oct 23, 2002|Sony|5.0
94|Madden NFL 2002|PS2|7.4|Aug 19, 2001|Sony|5.0
93|Paper Mario|N64|9.1|Feb 5, 2001|Nintendo|6.0
93|Tom Clancy's Splinter Cell Pandora Tomorrow|XBOX|8.6|Mar 23, 2004|Microsoft|6.0
93|Unreal Tournament 2004|PC|8.8|Mar 16, 2004|PC|6.0
93|World of Warcraft|PC|7.3|Nov 23, 2004|PC|6.0
93|SSX 3|PS2|8.9|Oct 20, 2003|Sony|6.0
93|Quake III Arena|DC|8.1|Oct 22, 2000|Sega|6.0
93|Skies of Arcadia|DC|8.9|Nov 13, 2000|Sega|6.0
93|SSX|PS2|8.4|Oct 30, 2000|Sony|6.0
93|Burnout 3: Takedown|PS2|9|Sep 7, 2004|Sony|6.0
93|Gears of War 2|X360|7.7|Nov 7, 2008|Microsoft|6.0
93|World Soccer Winning Eleven 7 International|PS2|8.8|Feb 17, 2004|Sony|6.0
93|Super Smash Bros. Brawl|WII|8.9|Mar 9, 2008|Nintendo|6.0
93|World Soccer Winning Eleven 6 International|PS2|8.4|Mar 11, 2003|Sony|6.0
93|Okami|PS2|9.1|Sep 19, 2006|Sony|6.0
93|SoulCalibur II|GC|8.8|Aug 27, 2003|Nintendo|6.0
93|NBA 2K2|DC|7.3|Oct 24, 2001|Sega|6.0
93|BioShock Infinite|X360|8.5|Mar 26, 2013|Microsoft|6.0
93|Super Mario 3D World|WIIU|8.9|Nov 22, 2013|Nintendo|6.0
93|Virtua Fighter 4: Evolution|PS2|8.9|Aug 13, 2003|Sony|6.0
93|Star Wars: Knights of the Old Republic|PC|9|Nov 18, 2003|PC|6.0
93|Viewtiful Joe|GC|8.3|Oct 7, 2003|Nintendo|6.0
93|Grand Theft Auto: San Andreas|XBOX|8.7|Jun 7, 2005|Microsoft|6.0
93|God of War II|PS2|8.9|Mar 13, 2007|Sony|6.0
93|The Elder Scrolls IV: Oblivion|PS3|8|Mar 20, 2007|Sony|6.0
93|Grand Theft Auto: San Andreas|PC|8.9|Jun 7, 2005|PC|6.0
93|Fallout 3|X360|8.5|Oct 28, 2008|Microsoft|6.0
93|Braid|X360|8.5|Aug 6, 2008|Microsoft|6.0
93|NBA 2K1|DC|7|Nov 1, 2000|Sega|6.0
93|Mario Kart Super Circuit|GBA|8.2|Aug 26, 2001|Nintendo|6.0
93|Test Drive Le Mans|DC|7.7|Nov 13, 2000|Sega|6.0
93|Minecraft|PC|7.5|May 10, 2009|PC|6.0
93|Starcraft II: Wings of Liberty|PC|8.2|Jul 27, 2010|PC|6.0
93|Pac-Man Championship Edition DX|X360|7.8|Nov 17, 2010|Microsoft|6.0
93|Undertale|Switch|8.1|Sep 18, 2018|Nintendo|6.0
93|Divinity: Original Sin II - Definitive Edition|XONE|7.5|Aug 31, 2018|Microsoft|6.0
93|Street Fighter IV|X360|7.3|Feb 17, 2009|Microsoft|6.0
93|The Legend of Zelda: Skyward Sword|WII|8.1|Nov 20, 2011|Nintendo|6.0
93|Uncharted 4: A Thief's End|PS4|8.3|May 10, 2016|Sony|6.0
93|INSIDE|XONE|8.2|Jun 29, 2016|Microsoft|6.0
93|Braid|PS3|7.8|Nov 12, 2009|Sony|6.0
93|Tony Hawk's Pro Skater 3|XBOX|7.9|Mar 4, 2002|Microsoft|6.0
93|Divinity: Original Sin II|PC|8.4|Sep 14, 2017|PC|6.0
93|Grand Theft Auto: Chinatown Wars|DS|8.2|Mar 17, 2009|Nintendo|6.0
93|Flipnote Studio|DS|8.4|Aug 12, 2009|Nintendo|6.0
93|Persona 5|PS4|9|Apr 4, 2017|Sony|6.0
93|Mass Effect 3|X360|5.9|Mar 6, 2012|Microsoft|6.0
93|Metal Gear Solid V: The Phantom Pain|PS4|8.2|Sep 1, 2015|Sony|6.0
93|The Witcher 3: Wild Hunt|PC|9.3|May 18, 2015|PC|6.0
93|Rock Band 3|X360|8.3|Oct 26, 2010|Microsoft|6.0
93|Mass Effect 3|PS3|5.6|Mar 5, 2012|Sony|6.0
93|Persona 4 Golden|VITA|8.9|Nov 20, 2012|Sony|6.0
93|Tom Clancy's Splinter Cell|XBOX|8.6|Nov 17, 2002|Microsoft|6.0
93|Grand Theft Auto III|PC|8.3|May 20, 2002|PC|6.0
93|NFL 2K3|PS2|7.4|Aug 12, 2002|Sony|6.0
93|Company of Heroes|PC|8.8|Sep 13, 2006|PC|6.0
92|Bloodborne|PS4|8.9|Mar 24, 2015|Sony|7.0
92|Galactic Civilizations II: Twilight of the Arnor|PC|8.4|Apr 30, 2008|PC|7.0
92|Rock Band 2|X360|8.3|Sep 14, 2008|Microsoft|7.0
92|Prince of Persia: The Sands of Time|PS2|8.7|Nov 6, 2003|Sony|7.0
92|Undertale|PC|8.3|Sep 15, 2015|PC|7.0
92|Chrono Trigger|DS|9.2|Nov 25, 2008|Nintendo|7.0
92|Tom Clancy's Splinter Cell: Chaos Theory|PC|8.7|Mar 28, 2005|PC|7.0
92|Xenoblade Chronicles|WII|9.2|Apr 6, 2012|Nintendo|7.0
92|Journey|PS3|8.8|Mar 13, 2012|Sony|7.0
92|The Walking Dead: A Telltale Games Series|X360|8.6|Apr 27, 2012|Microsoft|7.0
92|The Witcher 3: Wild Hunt|PS4|9.2|May 19, 2015|Sony|7.0
92|Final Fantasy VI Advance|GBA|9.3|Feb 5, 2007|Nintendo|7.0
92|Rock Band 2|WII|7.6|Dec 18, 2008|Nintendo|7.0
92|Team Fortress 2|PC|9.1|Oct 10, 2007|PC|7.0
92|Vagrant Story|PS|9|May 15, 2000|Sony|7.0
92|God of War III|PS3|8.8|Mar 16, 2010|Sony|7.0
92|Warcraft III: Reign of Chaos|PC|9.1|Jul 3, 2002|PC|7.0
92|Bayonetta 2|Switch|8.4|Feb 16, 2018|Nintendo|7.0
92|Super Smash Bros. for Wii U|WIIU|9|Nov 21, 2014|Nintendo|7.0
92|Tiger Woods PGA Tour 2003|PC|5.2|Oct 31, 2002|PC|7.0
92|Metroid Fusion|GBA|9|Nov 17, 2002|Nintendo|7.0
92|Super Mario Sunshine|GC|8.6|Aug 25, 2002|Nintendo|7.0
92|SSX Tricky|PS2|8.9|Nov 5, 2001|Sony|7.0
92|Super Mario World: Super Mario Advance 2|GBA|8.9|Feb 9, 2002|Nintendo|7.0
92|Madden NFL 2003|GC|8.5|Aug 12, 2002|Nintendo|7.0
92|NFL 2K3|GC|8.3|Aug 21, 2002|Nintendo|7.0
92|Fire Emblem: Awakening|3DS|9.1|Feb 4, 2013|Nintendo|7.0
92|Rayman Legends|WIIU|8.7|Sep 3, 2013|Nintendo|7.0
92|Eternal Darkness: Sanity's Requiem|GC|8.8|Jun 23, 2002|Nintendo|7.0
92|Forza Horizon 4|XONE|7.7|Sep 28, 2018|Microsoft|7.0
92|Madden NFL 2003|XBOX|8.1|Aug 12, 2002|Microsoft|7.0
92|Celeste|Switch|8.3|Jan 25, 2018|Nintendo|7.0
92|Prince of Persia: The Sands of Time|XBOX|7.7|Nov 12, 2003|Microsoft|7.0
92|Super Street Fighter IV|PS3|7.8|Apr 27, 2010|Sony|7.0
92|NHL 2002|PS2|8.5|Sep 24, 2001|Sony|7.0
92|Journey|PS4|8.4|Jul 21, 2015|Sony|7.0
92|Super Smash Bros. Melee|GC|9.1|Dec 2, 2001|Nintendo|7.0
92|SSX 3|GC|8.8|Oct 20, 2003|Nintendo|7.0
92|ESPN NFL 2K5|XBOX|8.9|Jul 20, 2004|Microsoft|7.0
92|Madden NFL 2004|XBOX|8.3|Aug 12, 2003|Microsoft|7.0
92|SSX 3|XBOX|8.8|Oct 20, 2003|Microsoft|7.0
92|Uncharted 3: Drake's Deception|PS3|8.4|Nov 1, 2011|Sony|7.0
92|SoulCalibur II|PS2|8.8|Aug 27, 2003|Sony|7.0
92|SoulCalibur II|XBOX|8.9|Aug 27, 2003|Microsoft|7.0
92|The Elder Scrolls V: Skyrim|PS3|6.5|Nov 11, 2011|Sony|7.0
92|What Remains of Edith Finch|XONE|7.4|Jul 19, 2017|Microsoft|7.0
92|Undertale|PS4|6.5|Aug 15, 2017|Sony|7.0
92|Okami HD|PC|7.7|Dec 12, 2017|PC|7.0
92|Mario Kart 8 Deluxe|Switch|8.6|Apr 28, 2017|Nintendo|7.0
92|The ICO & Shadow of the Colossus Collection|PS3|8.6|Sep 27, 2011|Sony|7.0
92|Advance Wars|GBA|9|Sep 9, 2001|Nintendo|7.0
92|Rome: Total War|PC|9.1|Sep 22, 2004|PC|7.0
92|The Witcher 3: Wild Hunt - Blood and Wine|PC|9.2|May 30, 2016|PC|7.0
92|Metroid Prime 2: Echoes|GC|8.8|Nov 15, 2004|Nintendo|7.0
92|World Soccer Winning Eleven 7 International|PC|7.5|Apr 9, 2004|PC|7.0
92|Final Fantasy X|PS2|8.9|Dec 17, 2001|Sony|7.0
92|Out of the Park Baseball 17|PC|3.4|Mar 22, 2016|PC|7.0
92|Conker's Bad Fur Day|N64|9.1|Mar 4, 2001|Nintendo|7.0
92|Rock Band|PS3|8.4|Nov 20, 2007|Sony|7.0
92|Divinity: Original Sin II - Definitive Edition|PS4|7.9|Aug 31, 2018|Sony|7.0
92|Final Fantasy XII|PS2|7.9|Oct 31, 2006|Sony|7.0
92|Guitar Hero II|PS2|8.5|Nov 7, 2006|Sony|7.0
92|Batman: Arkham Asylum|X360|8.7|Aug 25, 2009|Microsoft|7.0
92|Guitar Hero II|X360|8.1|Apr 3, 2007|Microsoft|7.0
92|Rock Band|X360|8.2|Nov 20, 2007|Microsoft|7.0
92|Forza Motorsport 3|X360|8.1|Oct 27, 2009|Microsoft|7.0
92|Rayman Origins|WII|8.5|Nov 15, 2011|Nintendo|7.0
92|Forza Motorsport|XBOX|7.6|May 3, 2005|Microsoft|7.0
92|The Sims|PC|7.9|Jan 31, 2000|PC|7.0
92|Call of Duty 4: Modern Warfare|PC|8.5|Nov 5, 2007|PC|7.0
92|Prince of Persia: The Sands of Time|GC|8.2|Nov 18, 2003|Nintendo|7.0
91|World of Warcraft: The Burning Crusade|PC|8|Jan 16, 2007|PC|8.0
91|Crysis|PC|8|Nov 13, 2007|PC|8.0
91|Resident Evil 4: Wii Edition|WII|9|Jun 19, 2007|Nintendo|8.0
91|Pac-Man Championship Edition DX|PS3|7.7|Nov 23, 2010|Sony|8.0
91|Overwatch|XONE|5.8|May 23, 2016|Microsoft|8.0
91|Resident Evil|GC|9.3|Apr 30, 2002|Nintendo|8.0
91|Galactic Civilizations II: Dark Avatar|PC|8.2|Feb 14, 2007|PC|8.0
91|Fez|PC|6.7|May 1, 2013|PC|8.0
91|Castlevania: Circle of the Moon|GBA|8.5|Jun 10, 2001|Nintendo|8.0
91|Mass Effect|X360|8.7|Nov 20, 2007|Microsoft|8.0
91|World of Warcraft: Wrath of the Lich King|PC|7.6|Nov 13, 2008|PC|8.0
91|Golden Sun|GBA|9|Nov 11, 2001|Nintendo|8.0
91|The Witcher 3: Wild Hunt|XONE|9.2|May 19, 2015|Microsoft|8.0
91|Dark Souls II|PC|7.2|Apr 24, 2014|PC|8.0
91|Kentucky Route Zero - Act III|PC|6.6|May 6, 2014|PC|8.0
91|Bayonetta 2|WIIU|9|Sep 20, 2014|Nintendo|8.0
91|Rock Band 2|PS3|7.9|Oct 19, 2008|Sony|8.0
91|God of War: Chains of Olympus|PSP|8.6|Mar 4, 2008|Sony|8.0
91|Far Cry 3|X360|8.6|Dec 4, 2012|Microsoft|8.0
91|Dark Souls II|PS3|8.1|Mar 11, 2014|Sony|8.0
91|The Legend of Zelda: A Link Between Worlds|3DS|9|Nov 22, 2013|Nintendo|8.0
91|Metal Gear Solid V: The Phantom Pain|PC|7.8|Sep 1, 2015|PC|8.0
91|flower|PS4|7.2|Nov 15, 2013|Sony|8.0
91|LittleBigPlanet 2|PS3|8.4|Jan 18, 2011|Sony|8.0
91|ESPN NFL Football|PS2|8.5|Sep 3, 2003|Sony|8.0
91|Overwatch|PC|6.7|May 23, 2016|PC|8.0
91|Return of the Obra Dinn|PC|8.6|Oct 18, 2018|PC|8.0
91|Shadow of the Colossus|PS4|8.5|Feb 6, 2018|Sony|8.0
91|Dead Cells|XONE|8|Aug 7, 2018|Microsoft|8.0
91|Sonic Mania Plus|Switch|8.8|Jul 17, 2018|Nintendo|8.0
91|Yoshi's Island: Super Mario Advance 3|GBA|8.9|Sep 24, 2002|Nintendo|8.0
91|Celeste|PS4|6.5|Jan 25, 2018|Sony|8.0
91|Rayman Legends|PS3|8.7|Sep 3, 2013|Sony|8.0
91|Forza Motorsport 4|X360|8.2|Oct 11, 2011|Microsoft|8.0
91|Batman: Arkham City|PC|8.7|Nov 21, 2011|PC|8.0
91|Gears of War 3|X360|7.9|Sep 20, 2011|Microsoft|8.0
91|Neverwinter Nights|PC|8.1|Jun 16, 2002|PC|8.0
91|No One Lives Forever 2: A Spy in H.A.R.M.'s Way|PC|8.7|Sep 30, 2002|PC|8.0
91|Madden NFL 2004|PC|7.7|Aug 12, 2003|PC|8.0
91|Call of Duty|PC|8.5|Oct 29, 2003|PC|8.0
91|Castlevania: Aria of Sorrow|GBA|8.8|May 6, 2003|Nintendo|8.0
91|ESPN NFL Football|XBOX|8.7|Sep 3, 2003|Microsoft|8.0
91|Tom Clancy's Splinter Cell|PC|8.5|Feb 19, 2003|PC|8.0
91|The Legend of Zelda: Ocarina of Time / Master Quest|GC|9|Feb 28, 2003|Nintendo|8.0
91|NCAA Football 2003|PS2|8.4|Jul 20, 2002|Sony|8.0
91|F1 Challenge '99-'02|PC|7.7|Jun 24, 2003|PC|8.0
91|NCAA Football 2003|GC|8.1|Jul 20, 2002|Nintendo|8.0
91|Tony Hawk's Pro Skater 3|GC|8.8|Nov 13, 2001|Nintendo|8.0
91|God of War Collection|PS3|8.7|Nov 17, 2009|Sony|8.0
91|Rock Band 3|WII|6.8|Oct 26, 2010|Nintendo|8.0
91|Madden NFL 2005|PS2|7.9|Aug 9, 2004|Sony|8.0
91|Tiger Woods PGA Tour 2005|PC|4.5|Sep 20, 2004|PC|8.0
91|Ninja Gaiden|XBOX|8.9|Mar 2, 2004|Microsoft|8.0
91|Dark Souls II|X360|7.9|Mar 11, 2014|Microsoft|8.0
91|Ratchet & Clank: Up Your Arsenal|PS2|9.1|Nov 3, 2004|Sony|8.0
91|Madden NFL 2005|XBOX|7.7|Aug 9, 2004|Microsoft|8.0
91|Guitar Hero|PS2|8.7|Nov 7, 2005|Sony|8.0
91|Shadow of the Colossus|PS2|9.1|Oct 18, 2005|Sony|8.0
91|Metal Gear Solid 3: Snake Eater|PS2|9|Nov 17, 2004|Sony|8.0
91|World Soccer Winning Eleven 8 International|PS2|8.4|Feb 1, 2005|Sony|8.0
91|Mario Kart DS|DS|8.6|Nov 14, 2005|Nintendo|8.0
91|Dishonored|PC|8.4|Oct 8, 2012|PC|8.0
91|The Operative: No One Lives Forever|PC|8.8|Nov 11, 2000|PC|8.0
91|Madden NFL 2001|PS2|7.8|Oct 23, 2000|Sony|8.0
91|Tony Hawk's Pro Skater 2|PC|8.5|Oct 25, 2000|PC|8.0
91|The Longest Journey|PC|8.8|Nov 16, 2000|PC|8.0
91|Mario Tennis|N64|8.9|Aug 28, 2000|Nintendo|8.0
91|DOA2: Hardcore|PS2|8|Oct 25, 2000|Sony|8.0
91|Spyro: Year of the Dragon|PS|8.9|Oct 23, 2000|Sony|8.0
91|Battlefield 2|PC|8.4|Jun 21, 2005|PC|8.0
91|IL-2 Sturmovik|PC|8.7|Nov 18, 2001|PC|8.0
91|Shovel Knight: Treasure Trove|Switch|8.2|Mar 3, 2017|Nintendo|8.0
91|SteamWorld Heist: Ultimate Edition|Switch|8.4|Dec 28, 2017|Nintendo|8.0
91|Borderlands 2|PS3|8.2|Sep 18, 2012|Sony|8.0
91|Tony Hawk's Pro Skater 4|GC|8.5|Oct 23, 2002|Nintendo|8.0
91|Medal of Honor: Allied Assault|PC|8.6|Jan 20, 2002|PC|8.0
91|MLB 10: The Show|PS3|8.2|Mar 2, 2010|Sony|8.0
91|Halo: Reach|X360|8.1|Sep 14, 2010|Microsoft|8.0
91|Metroid Prime Trilogy|WII|9.1|Aug 24, 2009|Nintendo|8.0
91|FIFA Soccer 10|PS3|7.5|Oct 20, 2009|Sony|8.0
91|Assassin's Creed II|PS3|8.6|Nov 17, 2009|Sony|8.0
91|Rock Band 3|PS3|8|Oct 26, 2010|Sony|8.0
91|Peggle|PS3|7.3|Nov 19, 2009|Sony|8.0
91|Street Fighter IV|PC|7.9|Jul 1, 2009|PC|8.0
91|Killzone 2|PS3|8.1|Feb 27, 2009|Sony|8.0
91|Twisted Metal: Black|PS2|8.6|Jun 18, 2001|Sony|8.0
91|Dragon Age: Origins|PC|8.7|Nov 3, 2009|PC|8.0
91|INSIDE|Switch|8.2|Jun 28, 2018|Nintendo|8.0
91|Klonoa 2: Lunatea's Veil|PS2|9|Jul 25, 2001|Sony|8.0
91|Batman: Arkham Asylum|PC|8.7|Sep 15, 2009|PC|8.0
91|Super Street Fighter IV|X360|7.6|Apr 27, 2010|Microsoft|8.0
91|Fallout 3|PC|7.8|Oct 28, 2008|PC|8.0
91|Mark of the Ninja|PC|8|Oct 16, 2012|PC|8.0
91|Forza Horizon 3|XONE|8|Sep 23, 2016|Microsoft|8.0
91|The Witcher 3: Wild Hunt - Blood and Wine|PS4|8.9|May 30, 2016|Sony|8.0
91|Batman: Arkham Asylum|PS3|8.8|Aug 25, 2009|Sony|8.0
91|INSIDE|PS4|8.2|Aug 23, 2016|Sony|8.0
90|The Legend of Zelda: Phantom Hourglass|DS|8|Oct 1, 2007|Nintendo|9.0
90|Portal|PC|9.2|Oct 10, 2007|PC|9.0
90|Rayman Legends|X360|8.2|Sep 3, 2013|Microsoft|9.0
90|Dota 2|PC|6.5|Jul 9, 2013|PC|9.0
90|Brothers: A Tale of Two Sons|PC|8.6|Sep 3, 2013|PC|9.0
90|Shovel Knight|3DS|8.3|Jun 26, 2014|Nintendo|9.0
90|Spelunky|PC|7.3|Aug 8, 2013|PC|9.0
90|Velocity 2X|VITA|7.2|Sep 2, 2014|Sony|9.0
90|Fez|PS4|6.3|Mar 25, 2014|Sony|9.0
90|Guacamelee! Super Turbo Championship Edition|WIIU|7.6|Jul 2, 2014|Nintendo|9.0
90|GTR 2|PC|8.7|Sep 29, 2006|PC|9.0
90|The Legend of Zelda: The Wind Waker HD|WIIU|8.9|Sep 20, 2013|Nintendo|9.0
90|Monster Hunter: World|XONE|7.2|Jan 26, 2018|Microsoft|9.0
90|Madden NFL 2002|XBOX|8.4|Oct 29, 2001|Microsoft|9.0
90|Forza Motorsport 2|X360|8.3|May 29, 2007|Microsoft|9.0
90|FIFA Soccer 13|X360|6.2|Sep 25, 2012|Microsoft|9.0
90|The Witcher 3: Wild Hunt - Hearts of Stone|PS4|8.7|Oct 12, 2015|Sony|9.0
90|Tales From The Borderlands: Episode 5 - The Vault of the Traveler|PS4|8|Oct 20, 2015|Sony|9.0
90|Mario Kart 8 DLC Pack 2|WIIU|8.9|Apr 23, 2015|Nintendo|9.0
90|Shovel Knight|PS4|7.6|Apr 21, 2015|Sony|9.0
90|Tom Clancy's Ghost Recon Advanced Warfighter|X360|7.9|Mar 9, 2006|Microsoft|9.0
90|NieR: Automata - Become as Gods Edition|XONE|9|Jun 26, 2018|Microsoft|9.0
90|Rayman 2 Revolution|PS2|8.4|Jan 30, 2001|Sony|9.0
90|Mario & Luigi: Bowser's Inside Story|DS|8.7|Sep 14, 2009|Nintendo|9.0
90|Grand Theft Auto IV: The Lost and Damned|X360|8|Feb 17, 2009|Microsoft|9.0
90|FIFA Soccer 10|X360|7.5|Oct 20, 2009|Microsoft|9.0
90|Half-Life 2: Episode Two|PC|9.1|Oct 10, 2007|PC|9.0
90|Metroid Prime 3: Corruption|WII|8.9|Aug 27, 2007|Nintendo|9.0
90|Diablo III: Ultimate Evil Edition|PS4|8|Aug 19, 2014|Sony|9.0
90|Stephen's Sausage Roll|PC|5.5|Apr 17, 2016|PC|9.0
90|Viewtiful Joe|PS2|8.3|Aug 24, 2004|Sony|9.0
90|MVP Baseball 2004|XBOX|8.5|Mar 9, 2004|Microsoft|9.0
90|The Chronicles of Riddick: Escape From Butcher Bay - Developer's Cut|PC|8.7|Dec 8, 2004|PC|9.0
90|MVP Baseball 2004|PS2|8.6|Mar 9, 2004|Sony|9.0
90|Pikmin 2|GC|9|Aug 30, 2004|Nintendo|9.0
90|Falcon 4.0: Allied Force|PC|8.2|Jun 28, 2005|PC|9.0
90|Bayonetta|PC|8.2|Apr 11, 2017|PC|9.0
90|Overwatch|PS4|6.3|May 23, 2016|Sony|9.0
90|Braid|PC|8.6|Apr 10, 2009|PC|9.0
90|NBA 2K17|XONE|6|Sep 16, 2016|Microsoft|9.0
90|MLB 11: The Show|PS3|7.8|Mar 8, 2011|Sony|9.0
90|Dead Space 2|X360|8.6|Jan 25, 2011|Microsoft|9.0
90|Super Mario 3D Land|3DS|8.4|Nov 13, 2011|Nintendo|9.0
90|Deus Ex: Human Revolution|PC|8.5|Aug 23, 2011|PC|9.0
90|Pushmo|3DS|8.3|Dec 8, 2011|Nintendo|9.0
90|Metal Gear Solid HD Collection|X360|8.7|Nov 8, 2011|Microsoft|9.0
90|LIMBO|PS3|7.8|Jul 19, 2011|Sony|9.0
90|Total War: Shogun 2|PC|8.4|Mar 15, 2011|PC|9.0
90|NBA 2K12|X360|7.7|Oct 4, 2011|Microsoft|9.0
90|Kentucky Route Zero - Act IV|PC|6.2|Jul 20, 2016|PC|9.0
90|ESPN NFL 2K5|PS2|8.3|Jul 20, 2004|Sony|9.0
90|ESPN NHL Hockey|PS2|7|Sep 9, 2003|Sony|9.0
90|Panzer Dragoon Orta|XBOX|8.6|Jan 12, 2003|Microsoft|9.0
90|NBA Street Vol. 2|PS2|8.6|Apr 28, 2003|Sony|9.0
90|Ratchet & Clank: Going Commando|PS2|9|Nov 11, 2003|Sony|9.0
90|Tony Hawk's Underground|PS2|8.7|Oct 27, 2003|Sony|9.0
90|Mario & Luigi: Superstar Saga|GBA|9|Nov 17, 2003|Nintendo|9.0
90|FIFA Soccer 12|X360|6.8|Sep 27, 2011|Microsoft|9.0
90|FIFA Soccer 12|PS3|7.2|Sep 27, 2011|Sony|9.0
90|NBA 2K12|PS3|6.7|Oct 4, 2011|Sony|9.0
90|The Sims 2|PC|8.8|Sep 14, 2004|PC|9.0
90|MLB 09: The Show|PS3|8.1|Mar 3, 2009|Sony|9.0
90|NBA 2K13|PS3|8|Oct 2, 2012|Sony|9.0
90|Empire: Total War|PC|7|Mar 3, 2009|PC|9.0
90|Half-Life 2|XBOX|8.4|Nov 15, 2005|Microsoft|9.0
90|World of Warcraft: Cataclysm|PC|5.6|Dec 7, 2010|PC|9.0
90|Project Gotham Racing 2|XBOX|8.7|Nov 17, 2003|Microsoft|9.0
90|NCAA Football 2003|XBOX|7.9|Jul 20, 2002|Microsoft|9.0
90|TimeSplitters 2|PS2|8.9|Oct 9, 2002|Sony|9.0
90|Tiger Woods PGA Tour 2003|GC|8|Oct 27, 2002|Nintendo|9.0
90|Bayonetta + Bayonetta 2|Switch|8.7|Feb 16, 2018|Nintendo|9.0
90|NBA 2K2|XBOX|7.6|Feb 27, 2002|Microsoft|9.0
90|Sid Meier's Civilization V|PC|8|Sep 21, 2010|PC|9.0
90|Super Meat Boy|X360|8|Oct 20, 2010|Microsoft|9.0
90|Assassin's Creed: Brotherhood|PS3|8.2|Nov 16, 2010|Sony|9.0
90|LIMBO|X360|8.4|Jul 21, 2010|Microsoft|9.0
90|Bayonetta|X360|8.1|Jan 5, 2010|Microsoft|9.0
90|Advance Wars: Dual Strike|DS|8.9|Aug 22, 2005|Nintendo|9.0
90|Guild Wars 2|PC|8.1|Aug 28, 2012|PC|9.0
90|Okami HD|PS3|8.9|Oct 30, 2012|Sony|9.0
90|XCOM: Enemy Unknown|X360|8.3|Oct 9, 2012|Microsoft|9.0
90|Far Cry 3|PS3|8.5|Dec 4, 2012|Sony|9.0
90|World of Goo|PC|8.5|Oct 12, 2008|PC|9.0
90|Fallout 3|PS3|8|Oct 28, 2008|Sony|9.0
90|Portal: Still Alive|X360|8.5|Oct 22, 2008|Microsoft|9.0
90|Shin Megami Tensei: Persona 4|PS2|8.5|Dec 8, 2008|Sony|9.0
90|Okami|WII|8.9|Apr 15, 2008|Nintendo|9.0
90|Geometry Wars: Retro Evolved 2|X360|8.3|Jul 30, 2008|Microsoft|9.0
90|Grand Theft Auto IV|PC|6.7|Dec 2, 2008|PC|9.0
90|World Soccer Winning Eleven 8 International|XBOX|8.4|Feb 2, 2005|Microsoft|9.0
90|Trials Evolution|X360|8|Apr 18, 2012|Microsoft|9.0
90|Grand Theft Auto: Chinatown Wars|PSP|7.4|Oct 20, 2009|Sony|9.0
90|Freedom Force|PC|7.7|Mar 24, 2002|PC|9.0
90|Burnout Revenge|PS2|8.8|Sep 13, 2005|Sony|9.0
90|Mark of the Ninja|X360|7.4|Sep 7, 2012|Microsoft|9.0
90|Madden NFL 2001|PS|6.8|Aug 22, 2000|Sony|9.0
90|Dead Cells|Switch|8.5|Aug 7, 2018|Nintendo|9.0
90|Silent Hunter III|PC|7.7|Mar 15, 2005|PC|9.0
90|Into the Breach|PC|7.5|Feb 27, 2018|PC|9.0
90|Monster Hunter: World|PS4|7.8|Jan 26, 2018|Sony|9.0
90|Hollow Knight|Switch|8.8|Jun 12, 2018|Nintendo|9.0
90|ICO|PS2|8.8|Sep 24, 2001|Sony|9.0
90|Tennis 2K2|DC|8.2|Oct 24, 2001|Sega|9.0
90|Dance Dance Revolution|PS|8.8|May 9, 2001|Sony|9.0
90|Jak and Daxter: The Precursor Legacy|PS2|8.8|Dec 3, 2001|Sony|9.0
90|Star Wars Rogue Leader: Rogue Squadron II|GC|8.5|Nov 9, 2001|Nintendo|9.0
90|NCAA Football 2002|PS2|8.5|Jul 23, 2001|Sony|9.0
90|Unreal Tournament|DC|8.8|Mar 13, 2001|Sega|9.0
90|Sid Meier's Civilization III|PC|8.4|Oct 30, 2001|PC|9.0
90|NFL 2K2|DC|7.9|Sep 19, 2001|Sega|9.0
90|Black & White|PC|7.7|Mar 26, 2001|PC|9.0
90|Into the Breach|Switch|7.5|Aug 28, 2018|Nintendo|9.0
90|Banjo-Tooie|N64|9|Nov 19, 2000|Nintendo|9.0
90|Flight Simulator 2002|PC|8.1|Oct 19, 2001|PC|9.0
90|Grandia II|DC|8.6|Dec 6, 2000|Sega|9.0
90|WWF SmackDown! 2: Know Your Role|PS|8.7|Nov 21, 2000|Sony|9.0
90|NHL 2001|PC|6.9|Sep 28, 2000|PC|9.0
90|Marvel vs. Capcom 2|DC|8.8|Jun 29, 2000|Sega|9.0
90|Deus Ex|PC|9.2|Jun 23, 2000|PC|9.0
90|Tony Hawk's Pro Skater 3|PC|8.4|Mar 28, 2002|PC|9.0
90|NBA 2K2|GC|8|Mar 20, 2002|Nintendo|9.0
90|Assassin's Creed II|X360|8.8|Nov 17, 2009|Microsoft|9.0
90|Tony Hawk's Pro Skater 4|XBOX|8.5|Oct 23, 2002|Microsoft|9.0
90|Rayman Legends|PS4|8.5|Feb 18, 2014|Sony|9.0
90|Tony Hawk's Pro Skater 3|GBA|8|Mar 4, 2002|Nintendo|9.0
90|Colin McRae Rally 2.0|PS|8.2|Dec 5, 2000|Sony|9.0
89|Cave Story|WII|8.8|Mar 22, 2010|Nintendo|10.0
89|Horizon Zero Dawn|PS4|8.3|Feb 28, 2017|Sony|10.0
89|FIFA Soccer 11|PS3|8|Sep 28, 2010|Sony|10.0
89|Metal Gear Solid: Peace Walker|PSP|8.8|Jun 8, 2010|Sony|10.0
89|Need for Speed: Hot Pursuit|PS3|7.4|Nov 16, 2010|Sony|10.0
89|NBA 2K11|X360|8.1|Oct 5, 2010|Microsoft|10.0
89|NBA 2K11|PS3|7.6|Oct 5, 2010|Sony|10.0
89|Star Wars Jedi Knight II: Jedi Outcast|PC|8.6|Mar 26, 2002|PC|10.0
89|NHL 2K3|GC|8|Dec 11, 2002|Nintendo|10.0
89|What Remains of Edith Finch|PC|8.2|Apr 25, 2017|PC|10.0
89|Need for Speed: Hot Pursuit 2|PS2|8.4|Oct 1, 2002|Sony|10.0
89|Worldwide Soccer Manager 2005|PC|8.5|Dec 7, 2004|PC|10.0
89|F-Zero GX|GC|8.6|Aug 26, 2003|Nintendo|10.0
89|NBA 2K2|PS2|7.8|Jan 12, 2002|Sony|10.0
89|Assassin's Creed: Brotherhood|X360|8.3|Nov 16, 2010|Microsoft|10.0
89|Madden NFL 2003|PC|7.5|Aug 12, 2002|PC|10.0
89|Injustice 2|XONE|8.2|May 16, 2017|Microsoft|10.0
89|Rez HD|X360|8|Jan 30, 2008|Microsoft|10.0
89|Titanfall 2|PS4|8.4|Oct 28, 2016|Sony|10.0
89|Left 4 Dead|X360|7.9|Nov 17, 2008|Microsoft|10.0
89|Battlefield 1942|PC|8.6|Sep 10, 2002|PC|10.0
89|Okami HD|Switch|8.7|Aug 9, 2018|Nintendo|10.0
89|Dark Souls III|PC|8.5|Apr 11, 2016|PC|10.0
89|Rez Infinite|PS4|7.6|Oct 13, 2016|Sony|10.0
89|Axiom Verge|WIIU|8.6|Sep 1, 2016|Nintendo|10.0
89|Dark Souls III|PS4|8.9|Apr 12, 2016|Sony|10.0
89|Dark Souls II: Scholar of the First Sin|XONE|7.7|Apr 7, 2015|Microsoft|10.0
89|Fable II|X360|6.6|Oct 21, 2008|Microsoft|10.0
89|Burnout 2: Point of Impact|GC|8.7|Apr 9, 2003|Nintendo|10.0
89|The Legend of Zelda: Majora's Mask 3D|3DS|8.9|Feb 13, 2015|Nintendo|10.0
89|Shin Megami Tensei: Persona 3 Portable|PSP|7.8|Jul 5, 2010|Sony|10.0
89|Plants vs. Zombies|X360|8.2|Sep 8, 2010|Microsoft|10.0
89|Shin Megami Tensei: Persona 3 FES|PS2|7.8|Apr 22, 2008|Sony|10.0
89|Dead Space|X360|8.7|Oct 13, 2008|Microsoft|10.0
89|Mass Effect|PC|8.6|May 28, 2008|PC|10.0
89|Left 4 Dead|PC|9.1|Nov 17, 2008|PC|10.0
89|Pillars of Eternity|PC|8.3|Mar 26, 2015|PC|10.0
89|Combat Mission: Barbarossa to Berlin|PC|8|Oct 29, 2002|PC|10.0
89|WWF No Mercy|N64|8.8|Nov 17, 2000|Nintendo|10.0
89|NBA Street V3|PS2|8.5|Feb 8, 2005|Sony|10.0
89|NBA Street V3|XBOX|8.7|Feb 8, 2005|Microsoft|10.0
89|Jade Empire|XBOX|8.5|Apr 12, 2005|Microsoft|10.0
89|Lone Echo|PC|7.6|Jul 20, 2017|PC|10.0
89|Final Fantasy XIV: Stormblood|PS4|8.5|Jun 20, 2017|Sony|10.0
89|Astro Bot: Rescue Mission|PS4|9|Oct 2, 2018|Sony|10.0
89|Descent 3|PC|8.1|Jun 14, 2000|PC|10.0
89|The Witcher 3: Wild Hunt - Hearts of Stone|PC|9|Oct 13, 2015|PC|10.0
89|The Legend of Zelda: The Minish Cap|GBA|8.9|Jan 10, 2005|Nintendo|10.0
89|Rise of Nations|PC|8.9|May 20, 2003|PC|10.0
89|Rez Infinite|PC|7.2|Aug 9, 2017|PC|10.0
89|Homeworld: Cataclysm|PC|8.8|Sep 7, 2000|PC|10.0
89|Skylanders Swap Force|WIIU|6.1|Oct 13, 2013|Nintendo|10.0
89|Samba de Amigo|DC|8.5|Oct 16, 2000|Sega|10.0
89|Sacrifice|PC|8.8|Nov 5, 2000|PC|10.0
89|NBA Street Vol. 2|XBOX|8.7|Apr 28, 2003|Microsoft|10.0
89|Owlboy|PS4|6.7|Apr 10, 2018|Sony|10.0
89|Rocksmith 2014 Edition|PC|7.9|Oct 22, 2013|PC|10.0
89|NCAA Football 2005|XBOX|7.8|Jul 15, 2004|Microsoft|10.0
89|Guild Wars|PC|8.4|Apr 26, 2005|PC|10.0
89|Tiger Woods PGA Tour 2004|GC|8.4|Sep 22, 2003|Nintendo|10.0
89|MVP Baseball 2004|GC|8.5|Mar 9, 2004|Nintendo|10.0
89|Far Cry|PC|8|Mar 23, 2004|PC|10.0
89|The Chronicles of Riddick: Escape From Butcher Bay|XBOX|8.9|Jun 1, 2004|Microsoft|10.0
89|Halo 2 Multiplayer Map Pack|XBOX|7.5|Jul 5, 2005|Microsoft|10.0
89|Call of Duty 2|X360|8.2|Nov 17, 2005|Microsoft|10.0
89|Burnout Revenge|XBOX|8.4|Sep 13, 2005|Microsoft|10.0
89|Dragon Quest VIII: Journey of the Cursed King|PS2|8.9|Nov 15, 2005|Sony|10.0
89|Tom Clancy's Splinter Cell|PS2|7.8|Apr 8, 2003|Sony|10.0
89|Age of Mythology|PC|8.9|Nov 1, 2002|PC|10.0
89|Lumines|PSP|6.7|Mar 22, 2005|Sony|10.0
89|F1 2017|PC|7.5|Aug 24, 2017|PC|10.0
89|Dark Souls|X360|8.7|Oct 4, 2011|Microsoft|10.0
89|Deus Ex: Human Revolution|PS3|8.2|Aug 23, 2011|Sony|10.0
89|Gran Turismo 4|PS2|8.6|Feb 22, 2005|Sony|10.0
89|Castlevania: Dawn of Sorrow|DS|8.4|Oct 4, 2005|Nintendo|10.0
89|NCAA Football 2004|GC|8.1|Jul 16, 2003|Nintendo|10.0
89|WarioWare, Inc.: Mega Microgame$!|GBA|8.8|May 21, 2003|Nintendo|10.0
89|Dead Cells|PC|7.6|Aug 7, 2018|PC|10.0
89|Left 4 Dead 2|X360|8.6|Nov 17, 2009|Microsoft|10.0
89|Deus Ex: Human Revolution|X360|8.3|Aug 23, 2011|Microsoft|10.0
89|World in Conflict|PC|8.1|Sep 18, 2007|PC|10.0
89|Castlevania: Symphony of the Night|X360|8.7|Mar 21, 2007|Microsoft|10.0
89|Dishonored|PS3|7.9|Oct 9, 2012|Sony|10.0
89|Stardew Valley|PC|8.6|Feb 26, 2016|PC|10.0
89|Tiger Woods PGA Tour 2004|PS2|8.8|Sep 22, 2003|Sony|10.0
89|Borderlands 2|X360|8.3|Sep 18, 2012|Microsoft|10.0
89|XCOM: Enemy Unknown|PS3|8.2|Oct 9, 2012|Sony|10.0
89|The Walking Dead: A Telltale Games Series|PC|8.7|Apr 24, 2012|PC|10.0
89|Fez|X360|6.2|Apr 13, 2012|Microsoft|10.0
89|The Walking Dead: Episode 5 - No Time Left|PC|8.8|Nov 21, 2012|PC|10.0
89|Borderlands 2|PC|8.2|Sep 17, 2012|PC|10.0
89|XCOM: Enemy Unknown|PC|8.2|Oct 8, 2012|PC|10.0
89|Bastion|PS4|7.8|Apr 7, 2015|Sony|10.0
89|World Series Baseball 2K3|XBOX|8.6|Mar 10, 2003|Microsoft|10.0
89|NASCAR Racing 2003 Season|PC|8|Feb 14, 2003|PC|10.0
89|NBA 2K3|PS2|8|Oct 8, 2002|Sony|10.0
89|Peggle|X360|8.2|Mar 11, 2009|Microsoft|10.0
89|Metroid: Zero Mission|GBA|8.9|Feb 9, 2004|Nintendo|10.0
89|DiRT 2|PC|8.2|Dec 8, 2009|PC|10.0
89|Stardew Valley|XONE|7.7|Dec 14, 2016|Microsoft|10.0
89|Tom Clancy's Splinter Cell|GC|8.6|Apr 10, 2003|Nintendo|10.0
89|NHL 2K3|XBOX|7.1|Nov 19, 2002|Microsoft|10.0
89|NHL 2K3|PS2|7.8|Nov 10, 2002|Sony|10.0
89|The Elder Scrolls III: Morrowind|PC|8.9|May 1, 2002|PC|10.0
89|Demon's Souls|PS3|8.9|Oct 6, 2009|Sony|10.0
89|The Beatles: Rock Band|WII|8.8|Sep 9, 2009|Nintendo|10.0
89|Advance Wars 2: Black Hole Rising|GBA|9.1|Jun 24, 2003|Nintendo|10.0
89|Left 4 Dead 2|PC|8.4|Nov 16, 2009|PC|10.0
89|Guitar Hero 5|WII|7|Sep 1, 2009|Nintendo|10.0
89|Dark Souls|PS3|8.9|Oct 4, 2011|Sony|10.0
89|Tiger Woods PGA Tour 2004|XBOX|8.2|Sep 22, 2003|Microsoft|10.0
89|NASCAR Racing 2002 Season|PC|5.8|Feb 14, 2002|PC|10.0
89|Out of the Park Baseball 15|PC|7.1|Apr 21, 2014|PC|10.0
89|Dragon Age: Inquisition|PS4|7.4|Nov 18, 2014|Sony|10.0
89|The Beatles: Rock Band|X360|8.6|Sep 9, 2009|Microsoft|10.0
89|Grand Theft Auto IV: The Ballad of Gay Tony|X360|8.5|Oct 29, 2009|Microsoft|10.0
89|Tony Hawk's Underground|GC|8.5|Oct 27, 2003|Nintendo|10.0
89|Minecraft: PlayStation 4 Edition|PS4|6.4|Sep 3, 2014|Sony|10.0
89|The Orange Box|PS3|8.3|Dec 11, 2007|Sony|10.0
89|L.A. Noire|PS3|7.8|May 17, 2011|Sony|10.0
89|ESPN NBA Basketball|PS2|8.4|Oct 21, 2003|Sony|10.0
89|Top Spin|XBOX|8.2|Oct 28, 2003|Microsoft|10.0
89|Prince of Persia: The Sands of Time|PC|8.6|Dec 2, 2003|PC|10.0
89|Silent Hill 2|PS2|9|Sep 24, 2001|Sony|10.0
89|Battlefield 1|PS4|8|Oct 18, 2016|Sony|10.0
89|3D Gunstar Heroes|3DS|7.9|Aug 20, 2015|Nintendo|10.0
89|FIFA Soccer 12|PC|7.1|Sep 27, 2011|PC|10.0
89|Tom Clancy's Splinter Cell Double Agent|XBOX|8.1|Oct 24, 2006|Microsoft|10.0
89|World Soccer Winning Eleven 9|XBOX|7.9|Feb 7, 2006|Microsoft|10.0
89|World Soccer Winning Eleven 9|PC|8.3|Apr 28, 2006|PC|10.0
89|Mass Effect 3|PC|5.7|Mar 6, 2012|PC|10.0
89|Dark Souls: Artorias of the Abyss|X360|8.6|Oct 23, 2012|Microsoft|10.0
89|The Walking Dead: Episode 5 - No Time Left|X360|8.8|Nov 21, 2012|Microsoft|10.0
89|Wipeout HD Fury|PS3|8.3|Jul 23, 2009|Sony|10.0
89|Colors! 3D|3DS|7.8|Apr 5, 2012|Nintendo|10.0
89|Burnout Revenge|X360|8.2|Mar 7, 2006|Microsoft|10.0
89|Metal Gear Solid HD Collection|PS3|8.9|Nov 8, 2011|Sony|10.0
89|L.A. Noire|X360|7.9|May 17, 2011|Microsoft|10.0
89|Dead Space 2|PS3|8.4|Jan 25, 2011|Sony|10.0
89|Virtua Fighter 5 Online|X360|7.6|Oct 30, 2007|Microsoft|10.0
89|Ratchet & Clank Future: Tools of Destruction|PS3|8.8|Oct 23, 2007|Sony|10.0
89|Battlefield 3|PC|7.6|Oct 25, 2011|PC|10.0
89|3D Streets of Rage II|3DS|7.4|Jul 23, 2015|Nintendo|10.0
89|New Super Mario Bros.|DS|8.5|May 15, 2006|Nintendo|10.0
89|Destiny: The Taken King|XONE|5.2|Sep 15, 2015|Microsoft|10.0
89|Madden NFL 2002|GC|7.5|Nov 17, 2001|Nintendo|10.0
89|Sonic Adventure 2|DC|8.5|Jun 18, 2001|Sega|10.0
89|Max Payne|XBOX|8.2|Dec 12, 2001|Microsoft|10.0
89|NASCAR Racing 4|PC|7.5|Feb 6, 2001|PC|10.0
89|Max Payne|PC|9.1|Jul 23, 2001|PC|10.0
89|Ace Combat 04: Shattered Skies|PS2|8.9|Nov 1, 2001|Sony|10.0
89|NHL 2002|XBOX|8.8|Dec 10, 2001|Microsoft|10.0
89|Phantasy Star Online|DC|8.4|Jan 29, 2001|Sega|10.0
89|Final Fantasy Chronicles|PS|9.4|Jun 29, 2001|Sony|10.0
89|Pikmin|GC|8.7|Dec 2, 2001|Nintendo|10.0
89|NBA Street|PS2|8.4|Jun 18, 2001|Sony|10.0
